01_roman_converter	RESULT: 4 passed, 0 failed
02_password_gen	RESULT: 3 passed, 0 failed
03_password_check	RESULT: 1 passed, 0 failed
04_dir_tree	RESULT: 4 passed, 0 failed
05_regex_tool	RESULT: 3 passed, 0 failed
06_codec	RESULT: 5 passed, 0 failed
07_expense_tracker	RESULT: 5 passed, 0 failed
08_todo_list	RESULT: 5 passed, 0 failed
09_static_analyzer	RESULT: 3 passed, 0 failed
10_version_control	RESULT: 5 passed, 0 failed
11_word_counter	RESULT: 3 passed, 0 failed
12_csv_analyzer	RESULT: 4 passed, 0 failed
13_markdown_converter	RESULT: 2 passed, 1 failed
14_text_stats	RESULT: 3 passed, 0 failed
15_lorem_generator	RESULT: 1 passed, 2 failed
16_slug_generator	RESULT: 3 passed, 0 failed
17_text_wrapper	RESULT: 3 passed, 0 failed
18_anagram_finder	RESULT: 3 passed, 0 failed
19_palindrome_checker	RESULT: 4 passed, 0 failed
20_sentence_parser	RESULT: 3 passed, 0 failed
21_file_renamer	RESULT: 2 passed, 1 failed
22_duplicate_finder	RESULT: 3 passed, 0 failed
23_backup_tool	RESULT: 3 passed, 0 failed
24_file_splitter	RESULT: 3 passed, 0 failed
25_file_merger	RESULT: 3 passed, 0 failed
26_file_hasher	RESULT: 3 passed, 0 failed
27_file_organizer	RESULT: 3 passed, 0 failed
28_disk_usage	RESULT: 3 passed, 0 failed
29_empty_cleaner	RESULT: 3 passed, 0 failed
30_symlink_manager	RESULT: 1 passed, 2 failed
31_json_formatter	RESULT: 4 passed, 0 failed
32_yaml_validator	RESULT: 1 passed, 0 failed
33_config_manager	RESULT: 4 passed, 0 failed
34_csv_converter	RESULT: 3 passed, 0 failed
35_ini_parser	RESULT: 2 passed, 1 failed
36_env_manager	RESULT: 4 passed, 0 failed
37_data_differ	RESULT: 3 passed, 0 failed
38_schema_validator	RESULT: 3 passed, 0 failed
39_log_parser	RESULT: 2 passed, 1 failed
40_xml_converter	RESULT: 1 passed, 0 failed
41_calculator	RESULT: 3 passed, 0 failed
42_unit_converter	RESULT: 3 passed, 1 failed
43_stats_tool	RESULT: 3 passed, 0 failed
44_matrix_calc	RESULT: 4 passed, 0 failed
45_prime_tool	RESULT: 3 passed, 1 failed
46_base_converter	RESULT: 3 passed, 0 failed
47_fraction_calc	RESULT: 4 passed, 0 failed
48_fibonacci_gen	RESULT: 4 passed, 0 failed
49_graph_calc	RESULT: 2 passed, 1 failed
50_polynomial_solver	RESULT: 1 passed, 3 failed
51_hash_generator	RESULT: 3 passed, 1 failed
52_file_integrity	RESULT: 3 passed, 0 failed
53_password_vault	RESULT: 2 passed, 2 failed
54_entropy_checker	RESULT: 4 passed, 0 failed
55_cipher_tool	RESULT: 4 passed, 0 failed
56_token_generator	RESULT: 2 passed, 2 failed
57_checksum_tool	RESULT: 3 passed, 0 failed
58_secret_sharer	RESULT: 1 passed, 1 failed
59_steganography_text	RESULT: 1 passed, 1 failed
60_permission_auditor	RESULT: 3 passed, 0 failed
61_git_log_analyzer	RESULT: 3 passed, 0 failed
62_dep_checker	RESULT: 3 passed, 0 failed
63_loc_counter	RESULT: 3 passed, 0 failed
64_docstring_checker	RESULT: 3 passed, 0 failed
65_import_grapher	RESULT: 3 passed, 0 failed
66_changelog_gen	RESULT: 3 passed, 0 failed
67_license_checker	RESULT: 3 passed, 0 failed
68_api_mocker	RESULT: 1 passed, 2 failed
69_port_scanner	RESULT: 2 passed, 1 failed
70_env_differ	RESULT: 3 passed, 0 failed
71_hangman	RESULT: 1 passed, 1 failed
72_number_guess	RESULT: 1 passed, 2 failed
73_maze_generator	RESULT: 3 passed, 0 failed
74_quiz_engine	RESULT: 3 passed, 0 failed
75_tic_tac_toe	RESULT: 1 passed, 1 failed
76_blackjack	RESULT: 1 passed, 2 failed
77_wordsearch_gen	RESULT: 3 passed, 0 failed
78_sudoku_solver	RESULT: 3 passed, 0 failed
79_trivia_gen	RESULT: 2 passed, 1 failed
80_madlibs	RESULT: 2 passed, 0 failed
81_cron_parser	RESULT: 3 passed, 0 failed
82_ip_tool	RESULT: 4 passed, 0 failed
83_color_converter	
84_qr_text	RESULT: 3 passed, 0 failed
85_ascii_art	RESULT: 3 passed, 0 failed
86_calendar_tool	RESULT: 4 passed, 0 failed
87_timer_tool	RESULT: 1 passed, 1 failed
88_contact_book	RESULT: 4 passed, 0 failed
89_bookmark_manager	RESULT: 4 passed, 0 failed
90_habit_tracker	RESULT: 4 passed, 0 failed
91_pomodoro	
92_flashcard	RESULT: 4 passed, 0 failed
93_recipe_manager	RESULT: 3 passed, 0 failed
94_inventory_mgr	RESULT: 4 passed, 0 failed
95_invoice_gen	RESULT: 2 passed, 0 failed
96_timesheet	RESULT: 3 passed, 0 failed
97_changelog_parser	RESULT: 4 passed, 0 failed
98_semver_tool	RESULT: 4 passed, 0 failed
99_snippet_mgr	RESULT: 4 passed, 0 failed
